                  epoch,         train/box_loss,         train/cls_loss,         train/dfl_loss,   metrics/precision(B),      metrics/recall(B),       metrics/mAP50(B),    metrics/mAP50-95(B),           val/box_loss,           val/cls_loss,           val/dfl_loss,                 lr/pg0,                 lr/pg1,                 lr/pg2
                      1,                 1.1324,                 2.3339,                 1.6051,                0.18246,                 0.5414,                0.24803,                0.20832,                0.96863,                  1.603,                 1.4972,              0.0033131,              0.0033131,              0.0033131
                      2,                0.95196,                 1.5884,                 1.3889,                0.46435,                 0.4935,                0.26912,                0.20924,                  1.068,                 1.5432,                  1.589,              0.0066432,              0.0066432,              0.0066432
                      3,                 1.0472,                 1.6311,                 1.4463,                0.42409,                0.34066,                0.21578,                0.13234,                 1.5444,                 2.0561,                 2.0517,              0.0099699,              0.0099699,              0.0099699
                      4,                 1.1038,                 1.6241,                 1.4775,                0.33278,                0.12522,                0.06243,                0.03083,                 1.9885,                 2.7893,                 2.3736,              0.0099851,              0.0099851,              0.0099851
                      5,                 1.1358,                 1.6413,                 1.4995,                0.43216,                0.29738,                0.17083,                0.07905,                 2.0589,                 2.2433,                 2.6674,              0.0099851,              0.0099851,              0.0099851
